Part_number,Part_Type
"024048LRPP",
"008043RSPS",
"008043TRPS",
"008043TSPS",
"008043RSPP",
"008043TSPP",
"004033RSPP",
"004033RSPS",
"004033TRPS",
"004033TSPETG",
"004033TSPP",
"004033TSPS",
"002033TSCL",
"002033TSPP",
"002033TSPS",
"RM100",
"SC100",
"SS100",
"AA110",
"RM110",
"SS110",
"VS110",
"FP120",
"RM120",
"SS120",
"192089RSCP",
"192089RSPP",
"192089RSPS",
"192089TSPP",
"192089TSPS",
"192089TSSN",
"SS132",
"224150RSPP",
"016043RSPP",
"016043RSPS",
"016043TRPS",
"016043TSCL",
"016043TSPP",
"016043TSPS",
NI015,CRC Inner
"NO015",
"016053DRPP",
"016053DSPP",
"256089RSPP",
"256089RSPS",
"256089TSCL",
"256089TSPP",
"256089TSPS",
"256089TSSN",
"256094DCPP",
CI020,CRC Inner
"CO020",
DF020,dosage cup
"PO020",
"RL020",
"RX020",
"VE020",
"320089LRHDPE",
"320089LRPP",
"320089RSHDPE",
"320089RSPP",
CI022,CRC Inner
"CO022",
"PO022",
"RX022",
CI024-Mold-24008,CRC Inner
CI024-Mold-24009,CRC Inner
"CO024",
DG024,dosage cup
"DH024",
DI024,dosage cup
DJ024,dosage cup
"KO024",
"PO024",
"RH024",
"RL024",
"RL024-Herbalife",
"RX024",
"SL024",
"384120RSPP",
"384120RSPS",
"032053RSPP",
"032053RSPS",
"032053TSPP",
"032053TSPS",
"032058DRPP",
"032058DSPP",
"032058RSPP",
"032058RSPS",
"032058TSCL",
"032058TSPP",
"032058TSPS",
"032070TSCL",
"032070TSPP",
CI028, CRC Inner
"CO028",
DF028,dosage cup
"EZ028",
"KO028",
"PO028",
"PZ028",
"RL028",
"RS028",
"RX028",
"SL028",
"SS028",
"448150RSPP",
"012033RSPP",
"012033RSPS",
"012043TRPS",
DF030,dosage cup
"512120RSPP",
"512120RSPS",
"AE033",
CI033,CRC Inner
"CO033",
"DD033",
"DE033",
"DM033",
"EG033",
"EZ033",
"JT033",
"NP033",
"PO033",
"RS033",
"RX033",
"SE033",
"SS033",
"BB038",
CI038,CRC Inner
CI038-Nylon,CRC Inner
"CL038",
"CO038",
"DE038",
"EG038",
"EO038",
"EZ038",
"GN038",
"GO038",
"HU038",
"JT038",
"LB038",
"NP038",
"PO038",
"PU038",
"RS038",
"RX038",
"SE038",
"SS038",
"US038",
VI038,CRC Inner
"VN038",
"VS038",
"VV038",
"WG038",
"RS040",
"TR040",
"DM043",
"RS043",
"RX043",
"SI043",
"SO043",
"SS043",
"BM045",
CI045-Mold-45003,CRC Inner
CI045-Mold-45006,CRC Inner
CI045-Mold-45012,CRC Inner
CI045-Mold-45015,CRC Inner
"CO045",
"DE045",
"EG045",
"EZ045",
"GN045",
"JC045",
"JO045",
"JT045",
"PO045",
"RS045",
"RX045",
"SS045",
"US045",
"VN045",
"VS045",
"ZO045",
"NP045",
"064058RSCP",
"064058RSPP",
"064058RSPS",
"064070DRPP",
"064070DSPP",
"064070RSPP",
"064070RSPS",
"064070RTPP",
"064070TSPP",
"064070TSPS",
"ET048",
"PC048",
"RC048",
"RD048",
"RM048",
"RS048",
"SI048",
"SO048",
"SS048",
"ST048",
"TB048",
"US048",
"064089RSPP",
"064089RSPS",
"AO053",
"BM053",
"BO053",
CI053,CRC Inner
"CO053",
"DD053",
"DE053",
"DO053",
"DS053",
"EG053",
"GN053",
"GO053",
"JT053",
"LC053",
"NP053",
"OI053",
"PO053",
"QZ053",
"RC053",
"RM053",
"RS053",
"SI053",
"SM053",
"SO053",
"SS053",
"SW053",
"US053",
"VN053",
"ZO053",
"DD058",
"FF058",
"RM058",
"RS058",
"SS058",
YI058,Olly Inner
YO058,Olly Outer
"OV060",
"RR060",
CI063,CRC Inner
"CO063",
"NQ063",
"PO063",
"RM063",
"RS063",
"SI063",
"SM063",
"SO063",
"SP063",
"SS063",
"SW063",
"TV063",
"US063",
"ZO063",
"SP064",
"096070DRPP",
"096070DSPP",
"096070RSPP",
"096070RSPS",
"096070TSCL",
"096070TSPP",
"096070TSPS",
"096070TSSN",
CI070,CRC Inner
"CO070",
"DD070",
"DN070",
"GG070",
"HL070",
"RG070",
"RM070",
"SD070",
"SP070",
"SS070",
"VR070",
YI073,Olly Inner
YO073-Mold-1535,Olly Outer
YO073-Mold-1541,Olly Outer
"GG083",
"RG083",
"RM083",
"SS083",
"128070RSCL",
"128070RSCP",
"128070RSPP",
"128070RSPS",
"128070TSCL",
"128070TSPP",
"128070TSPS",
"LB128",
"128083RTPP",
"128089DRPP",
"128089DSPP",
"128089HWPP",
"128089RSPP",
"128089RSPS",
"128089TSCL",
"128089TSPP",
"128089TSPS",
"128089TSSN",
CI089-Mold-1528,CRC Inner
CI089-Mold-Proto6,CRC Inner
"CO089",
"DD089",
"DE089",
"HE089",
"LB089",
"MJ089",
"RM089",
"SS089",
"VR089",
"VS089",
"020038LRPP",
"020038LRPS",
"256089LRCL",
"256089LRCP",
"256089LRPP",
"288089LRPP",
"048048LRPP",
"048058LRPP",
"640120RSCP",
"640120RSHDPE",
"640120RSPP",
"064089LRPP",
"112070LRPP",
"288089LBPP",
"LS013",
"32X200VBPP",
"DF0306S9PP",
"605300VCPP",
"32X300VTPP",
"605300VTPP",
